model_name,split,metric,persisted,recomputed,difference,tolerance,tolerance_fraction
scalar_ridge,validation,MAE_dB,7.323711147496465,7.323711145966228,-1.5302372702308276e-09,1e-07,0.015302372702308276
scalar_ridge,validation,RMSE_dB,10.811231495220731,10.81123149459637,-6.243610073397576e-10,1e-07,0.006243610073397576
scalar_ridge,test,MAE_dB,7.505073293554659,7.5050732940497475,4.950884147092438e-10,1e-07,0.004950884147092438
scalar_ridge,test,RMSE_dB,12.334198766524104,12.334198766107066,-4.170370715428362e-10,1e-07,0.004170370715428362
vector_ridge,validation,MAE_dB,7.32371114749663,7.323711145966393,-1.5302372702308276e-09,1e-07,0.015302372702308276
vector_ridge,validation,RMSE_dB,10.811231495220737,10.811231494596376,-6.243610073397576e-10,1e-07,0.006243610073397576
vector_ridge,test,MAE_dB,7.505073293554802,7.505073294049895,4.950928556013423e-10,1e-07,0.004950928556013423
vector_ridge,test,RMSE_dB,12.33419876652408,12.33419876610704,-4.17040624256515e-10,1e-07,0.00417040624256515
vector_ridge,validation,SixPathMAE_dB,7.4416651684809265,7.441665169112936,6.320091117117954e-10,0.0001,6.320091117117954e-06
vector_ridge,validation,SixPathRMSE_dB,10.98362581938334,10.983625821444758,2.0614177032030057e-09,0.0001,2.0614177032030057e-05
vector_ridge,test,SixPathMAE_dB,7.621757260723829,7.621757260846512,1.226831969347586e-10,0.0001,1.226831969347586e-06
vector_ridge,test,SixPathRMSE_dB,12.484577492518682,12.484577495065171,2.5464892416948715e-09,0.0001,2.5464892416948715e-05
polynomial_ridge,validation,MAE_dB,7.298657933138588,7.298657932112802,-1.0257865667995247e-09,1e-07,0.010257865667995247
polynomial_ridge,validation,RMSE_dB,10.792918583136084,10.79291858259143,-5.44654099599029e-10,1e-07,0.00544654099599029
polynomial_ridge,test,MAE_dB,7.496845875957329,7.4968458768238815,8.665521633588469e-10,1e-07,0.008665521633588469
polynomial_ridge,test,RMSE_dB,12.341083960747495,12.341083960359285,-3.8821035275304894e-10,1e-07,0.0038821035275304894
polynomial_ridge,validation,SixPathMAE_dB,7.422462229095682,7.4224622298906215,7.949392255568455e-10,0.0001,7.949392255568455e-06
polynomial_ridge,validation,SixPathRMSE_dB,10.963873930284418,10.963873932384752,2.1003341288405863e-09,0.0001,2.1003341288405863e-05
polynomial_ridge,test,SixPathMAE_dB,7.6205511712201455,7.620551171448273,2.2812773892155747e-10,0.0001,2.2812773892155747e-06
polynomial_ridge,test,SixPathRMSE_dB,12.490066094327956,12.490066096894505,2.5665496394822185e-09,0.0001,2.5665496394822185e-05
random_forest,validation,MAE_dB,7.671654490229017,7.67165449069898,4.699636235727667e-10,1e-08,0.046996362357276666
random_forest,validation,RMSE_dB,11.43015561931663,11.430155619883749,5.67119684546924e-10,1e-08,0.056711968454692396
random_forest,test,MAE_dB,7.804254249333248,7.804254249888847,5.555991222649936e-10,1e-08,0.055559912226499364
random_forest,test,RMSE_dB,12.689079990044574,12.689079989729901,-3.1467273231555737e-10,1e-08,0.03146727323155574
random_forest,validation,SixPathMAE_dB,7.734229320743417,7.734229321751829,1.0084120205533509e-09,0.0001,1.0084120205533509e-05
random_forest,validation,SixPathRMSE_dB,11.540342664010812,11.540342666044497,2.033685220226289e-09,0.0001,2.033685220226289e-05
random_forest,test,SixPathMAE_dB,7.865843736797946,7.865843737112446,3.1449953752371584e-10,0.0001,3.1449953752371584e-06
random_forest,test,SixPathRMSE_dB,12.779994389649143,12.779994392135318,2.4861748215698753e-09,0.0001,2.4861748215698753e-05
neural_mlp,validation,MAE_dB,7.329556287235543,7.329556285646306,-1.5892371862946675e-09,0.0001,1.5892371862946675e-05
neural_mlp,validation,RMSE_dB,10.81187717062114,10.811877170018205,-6.029345911429118e-10,0.0001,6.029345911429118e-06
neural_mlp,test,MAE_dB,7.507316807382555,7.507316807629688,2.4713298074630075e-10,0.0001,2.4713298074630075e-06
neural_mlp,test,RMSE_dB,12.33244634711864,12.33244634669568,-4.2296122160223604e-10,0.0001,4.22961221602236e-06
neural_mlp,validation,SixPathMAE_dB,7.444726854292206,7.444726854837132,5.449258821954572e-10,0.0001,5.449258821954572e-06
neural_mlp,validation,SixPathRMSE_dB,10.98328405842284,10.983284060485643,2.062803261537738e-09,0.0001,2.062803261537738e-05
neural_mlp,test,SixPathMAE_dB,7.62364021150761,7.623640211574189,6.657963069756079e-11,0.0001,6.657963069756079e-07
neural_mlp,test,SixPathRMSE_dB,12.483478103949505,12.483478106495498,2.5459936381366788e-09,0.0001,2.5459936381366788e-05
polynomial_neural_mlp,validation,MAE_dB,7.318299676495382,7.318299675284216,-1.2111662783809152e-09,0.0001,1.2111662783809152e-05
polynomial_neural_mlp,validation,RMSE_dB,10.808962657342212,10.80896265690994,-4.3227110779753275e-10,0.0001,4.3227110779753275e-06
polynomial_neural_mlp,test,MAE_dB,7.508710355193344,7.508710355514788,3.214442045873511e-10,0.0001,3.2144420458735112e-06
polynomial_neural_mlp,test,RMSE_dB,12.34253066350086,12.342530663107933,-3.929265801616566e-10,0.0001,3.929265801616566e-06
polynomial_neural_mlp,validation,SixPathMAE_dB,7.432720128085291,7.432720128808382,7.230918086520433e-10,0.0001,7.2309180865204326e-06
polynomial_neural_mlp,validation,SixPathRMSE_dB,10.979886534821857,10.979886536965887,2.144030730732993e-09,0.0001,2.144030730732993e-05
polynomial_neural_mlp,test,SixPathMAE_dB,7.622126112464035,7.622126112569672,1.056372767038738e-10,0.0001,1.056372767038738e-06
polynomial_neural_mlp,test,SixPathRMSE_dB,12.489158981435564,12.489158984000893,2.5653292823335505e-09,0.0001,2.5653292823335505e-05
curve_neural,validation,MAE_dB,7.167914867401123,7.167915347287909,4.798867863087253e-07,0.0001,0.004798867863087253
curve_neural,validation,RMSE_dB,10.740887350297337,10.740886776197122,-5.741002144787899e-07,0.0001,0.005741002144787899
curve_neural,test,MAE_dB,7.388283729553223,7.388283047789276,-6.817639466305536e-07,0.0001,0.006817639466305536
curve_neural,test,RMSE_dB,12.309734827899549,12.309735421806682,5.939071332505819e-07,0.0001,0.005939071332505819
curve_neural,validation,SixPathMAE_dB,7.238891746859502,7.238891746859506,4.440892098500626e-15,0.0001,4.440892098500626e-11
curve_neural,validation,SixPathRMSE_dB,10.868330261717489,10.868330261716219,-1.270095140171179e-12,0.0001,1.270095140171179e-08
curve_neural,test,SixPathMAE_dB,7.459819898359438,7.45981989835944,1.7763568394002505e-15,0.0001,1.7763568394002505e-11
curve_neural,test,SixPathRMSE_dB,12.421352313475268,12.42135231347418,-1.0871303857129533e-12,0.0001,1.0871303857129533e-08
full_smatrix_neural,validation_training_mean_reference,ComplexMAE,0.08117783,0.08117783006792202,6.792201523442287e-11,1e-06,6.792201523442287e-05
full_smatrix_neural,validation_training_mean_reference,ComplexNRMSE,0.83700753,0.8370075284982588,-1.5017412868800761e-09,1e-06,0.0015017412868800761
full_smatrix_neural,test_training_mean_reference,ComplexMAE,0.08039935,0.08039935366807051,3.668070513995758e-09,1e-06,0.003668070513995758
full_smatrix_neural,test_training_mean_reference,ComplexNRMSE,0.83429936,0.8342993550337543,-4.966245747972664e-09,1e-06,0.004966245747972664
full_smatrix_neural,validation,MAE_dB,10.612905502319336,10.612906459862907,9.575435715447611e-07,0.0001,0.009575435715447611
full_smatrix_neural,validation,RMSE_dB,13.09895516225525,13.098953910356542,-1.2518987073661947e-06,0.0001,0.012518987073661947
full_smatrix_neural,test,MAE_dB,10.790292739868164,10.790292837511334,9.764316999394396e-08,0.0001,0.0009764316999394396
full_smatrix_neural,test,RMSE_dB,14.344613774373206,14.34461388544383,1.1107062292126102e-07,0.0001,0.0011107062292126102
full_smatrix_neural,validation,SixPathMAE_dB,10.73257827758789,10.732578128534996,-1.4905289447142422e-07,0.0001,0.0014905289447142422
full_smatrix_neural,validation,SixPathRMSE_dB,13.253389896550996,13.253389707189356,-1.8936163925786786e-07,0.0001,0.0018936163925786786
full_smatrix_neural,test,SixPathMAE_dB,10.897098541259766,10.897097865119395,-6.76140370359235e-07,0.0001,0.00676140370359235
full_smatrix_neural,test,SixPathRMSE_dB,14.46356516932207,14.463565315731618,1.4640954759670421e-07,0.0001,0.0014640954759670421
full_smatrix_neural,validation,ComplexMAE,0.06903329491615295,0.06903317047066083,-1.2444549211954037e-07,1e-06,0.12444549211954037
full_smatrix_neural,validation,ComplexNRMSE,0.7907851338386536,0.7907848464690914,-2.873695621463668e-07,1e-06,0.2873695621463668
full_smatrix_neural,test,ComplexMAE,0.06856656074523926,0.06856652240683837,-3.83384008845189e-08,1e-06,0.0383384008845189
full_smatrix_neural,test,ComplexNRMSE,0.7889251708984375,0.7889254632606968,2.9236225929096804e-07,1e-06,0.29236225929096804
full_smatrix_neural,test_truth,BandLimitedCausalityResidual,0.3172837793827057,0.317283764023363,-1.535934268659389e-08,2e-06,0.0076796713432969455
full_smatrix_neural,test_truth,MagnitudeMax,0.9999783635139465,0.9999783635139465,0.0,2e-06,0.0
full_smatrix_neural,test_truth,MagnitudeMin,7.803834186457669e-16,7.803834186457669e-16,0.0,2e-06,0.0
full_smatrix_neural,test_truth,MaximumSingularValue,0.9999784827232361,0.9999784827232361,0.0,2e-06,0.0
full_smatrix_neural,test_truth,MeanPassivityExcess,0.0,0.0,0.0,2e-06,0.0
full_smatrix_neural,test_truth,PassivityPenalty,0.0,0.0,0.0,2e-06,0.0
full_smatrix_neural,test_truth,PassivityViolationFraction,0.0,0.0,0.0,2e-06,0.0
full_smatrix_neural,test_truth,ReciprocityResidual,6.997560619260418e-11,6.997562987891349e-11,2.3686309305357555e-17,2e-06,1.1843154652678777e-11
full_smatrix_neural,test_prediction,BandLimitedCausalityResidual,0.48123976588249207,0.48123986612759917,1.0024510710415768e-07,2e-06,0.05012255355207884
full_smatrix_neural,test_prediction,MagnitudeMax,0.6125576496124268,0.6125576496124268,0.0,2e-06,0.0
full_smatrix_neural,test_prediction,MagnitudeMin,8.412278111791238e-05,8.412278111791238e-05,0.0,2e-06,0.0
full_smatrix_neural,test_prediction,MaximumSingularValue,0.9141315817832947,0.9141315817832947,0.0,2e-06,0.0
full_smatrix_neural,test_prediction,MeanPassivityExcess,0.0,0.0,0.0,2e-06,0.0
full_smatrix_neural,test_prediction,PassivityPenalty,0.0,0.0,0.0,2e-06,0.0
full_smatrix_neural,test_prediction,PassivityViolationFraction,0.0,0.0,0.0,2e-06,0.0
full_smatrix_neural,test_prediction,ReciprocityResidual,0.0,0.0,0.0,2e-06,0.0
