frequency_ghz,truth_il_s7_1_db,curve_il_s7_1_db,full_matrix_il_s7_1_db,truth_s1_1_real,truth_s1_1_imag,prediction_s1_1_real,prediction_s1_1_imag,truth_s8_1_real,truth_s8_1_imag,prediction_s8_1_real,prediction_s8_1_imag
0.5,0.26530746,0.4002032,20.525726,0.015976854,-0.014194979,-0.029190032,-0.022817722,-0.0026819338,0.00029909684,0.0039190543,0.0028009817
1.0,0.40920755,0.6102881,20.278461,-0.008329133,-0.04209146,-0.032219928,-0.02866367,0.0010153666,0.0053029964,0.004840023,0.0033448092
1.5,0.52509207,0.6860308,20.031097,0.021587094,-0.017667858,-0.03533846,-0.03468064,0.0076780957,-0.0029182693,0.005787934,0.003904546
2.0,0.65808797,0.76559967,19.777948,-0.032434117,-0.07360867,-0.03862306,-0.041018013,-0.004431277,-0.009967324,0.0067863227,0.004494089
2.5,0.74574685,0.92322296,19.539553,0.03706094,-0.03783778,-0.041804917,-0.047157165,-0.011026566,0.007551792,0.007753482,0.005065192
3.0,0.88707095,1.0413814,19.29197,-0.06284572,-0.089696705,-0.04520305,-0.053713594,0.010036935,0.013280275,0.00878638,0.005675113
3.5,0.9647182,1.2311263,19.048141,0.05021114,-0.073022336,-0.048645504,-0.060355544,0.0124768615,-0.013412858,0.00983275,0.0062929895
4.0,1.1028345,1.5182948,18.814337,-0.09116961,-0.09026706,-0.05203839,-0.066901855,-0.01755104,-0.014408662,0.010864054,0.006901969
4.5,1.1983715,1.7796206,18.594212,0.052469302,-0.1197526,-0.055317227,-0.07322811,-0.011970326,0.02001492,0.011860691,0.0074904785
5.0,1.3057454,1.9286914,18.384535,-0.11051089,-0.07888571,-0.058518585,-0.079404876,0.02630067,0.012463843,0.012833777,0.00806508
5.5,1.4548763,1.9984927,18.188557,0.038275335,-0.17123678,-0.061581418,-0.085314386,0.0094168885,-0.027058724,0.013764758,0.00861482
6.0,1.4972483,2.0519805,18.001377,-0.11656616,-0.061513364,-0.06457192,-0.09108431,-0.03516233,-0.0067834556,0.014673751,0.009151576
6.5,1.7354726,2.1684527,17.87301,0.0061880597,-0.2188518,-0.06666032,-0.09511374,-0.004583408,0.03443249,0.015308544,0.0095264185
7.0,1.6837672,2.3597426,17.753275,-0.108212575,-0.045273583,-0.0686363,-0.09892623,0.042763498,-0.0029134154,0.015909163,0.009881081
7.5,2.0399246,2.56315,17.639977,-0.040536024,-0.2545249,-0.07053129,-0.10258246,-0.0034337414,-0.041878145,0.016485164,0.0102212075
8.0,1.8778858,2.8129878,17.536121,-0.08777033,-0.03674865,-0.07374938,-0.10675593,-0.047323614,0.016416805,0.01717164,0.010621091
8.5,2.3607059,3.0572276,17.5205,-0.09591713,-0.27279827,-0.080104016,-0.11052252,0.01532026,0.04837604,0.017885987,0.011020057
9.0,2.102109,3.2057414,17.505375,-0.059836198,-0.041175954,-0.08597564,-0.1140184,0.047573935,-0.032907583,0.018548274,0.011390059
9.5,2.7096872,3.4019465,17.486885,-0.15198867,-0.27314863,-0.09219464,-0.11777941,-0.032001656,-0.051428914,0.019258095,0.011787039
10.0,2.3625364,3.6866584,17.462652,-0.031015001,-0.058871366,-0.09834122,-0.12163882,-0.042377006,0.05052409,0.019980028,0.012191814
10.5,3.0912104,4.0371814,17.507908,-0.2015798,-0.2562751,-0.103503086,-0.1203627,0.053701382,0.049356237,0.020162322,0.012272606
11.0,2.7102013,4.4052825,17.626873,-0.008421847,-0.08939415,-0.10749739,-0.115055926,0.029584058,-0.06871429,0.01986164,0.012065336
11.5,3.5125206,4.6440997,17.745102,-0.24133474,-0.22158208,-0.11028655,-0.1091548,-0.07902938,-0.037562538,0.019443212,0.011793204
12.0,3.1829848,4.7956843,17.847569,0.011635114,-0.13298728,-0.11100407,-0.108694375,-0.007574977,0.084634356,0.019685457,0.01108971
12.5,4.058902,4.887365,17.974579,-0.2594834,-0.18255776,-0.11070324,-0.108726785,0.10219903,0.00781273,0.019977907,0.010146689
13.0,3.7195313,4.9615436,18.067991,0.009358,-0.18691283,-0.10966978,-0.10942435,-0.021113023,-0.085225515,0.020318298,0.009237978
13.5,4.5671225,5.0441604,18.089722,-0.2672026,-0.13534383,-0.10783451,-0.11188646,-0.10778639,0.02872199,0.020877626,0.008381618
14.0,4.369776,5.210277,18.093723,-0.0046058362,-0.23427388,-0.10458534,-0.11369655,0.04781628,0.08284373,0.021263247,0.0075488337
14.5,5.3049717,5.3978114,18.114935,-0.23528974,-0.10246164,-0.10039238,-0.1143581,0.09941566,-0.0764477,0.021461569,0.006626613
15.0,5.191886,5.6531196,18.09715,-0.030362802,-0.2893976,-0.09562727,-0.11597727,-0.07639754,-0.06296508,0.021772576,0.005711513
15.5,5.8109446,5.9244685,18.038494,-0.21925648,-0.086151235,-0.09088428,-0.11881247,-0.061171647,0.106512874,0.022254871,0.0048170327
16.0,5.891037,6.2279325,17.970932,-0.082692266,-0.3336276,-0.09168025,-0.12401438,0.091012314,0.038229387,0.02272482,0.003706273
16.5,6.150365,6.594581,17.937464,-0.1909353,-0.07217106,-0.09217818,-0.12899143,0.022275245,-0.118787676,0.023223814,0.0026634377
17.0,6.5900507,6.995507,17.99901,-0.14696352,-0.35387826,-0.09568856,-0.13230461,-0.09855996,-0.011589117,0.023540819,0.0016949358
17.5,6.3631153,7.356402,18.089632,-0.15250748,-0.07048453,-0.09820163,-0.1347914,0.014820952,0.11577619,0.023627846,0.0007558825
18.0,7.2459,7.6079154,18.204481,-0.20796262,-0.3485284,-0.099568814,-0.13581921,0.0975976,-0.015128723,0.02344769,-8.578781e-05
18.5,6.529493,7.7732587,18.316114,-0.11283468,-0.09022091,-0.10055562,-0.13575336,-0.04496123,-0.10396894,0.023123335,-0.00079391786
19.0,7.827961,7.852485,18.479366,-0.25662446,-0.3274901,-0.10105084,-0.13365152,-0.09030367,0.03900559,0.022430215,-0.001619642
19.5,6.670445,7.9985404,18.698017,-0.084464416,-0.12308616,-0.10105376,-0.13075224,0.06761914,0.08523767,0.021526992,-0.0026526358
20.0,8.289145,8.212835,18.851913,-0.28297603,-0.28374025,-0.10322156,-0.13165475,0.0842756,-0.054601435,0.021040505,-0.003645465
20.5,7.3881974,8.49189,18.9972,-0.06529771,-0.19738518,-0.10925227,-0.13315617,-0.10330471,-0.0670233,0.020349627,-0.0052195066
21.0,9.010292,8.790858,19.116028,-0.3157418,-0.28215644,-0.117118515,-0.13607448,-0.057172973,0.08526362,0.019586321,-0.0070711253
21.5,7.399737,9.119336,19.257648,-0.07445247,-0.23425102,-0.12394337,-0.13852587,0.097357176,0.028724441,0.018639244,-0.008887591
22.0,9.21858,9.437556,19.359816,-0.32768047,-0.24814537,-0.13105135,-0.14121434,0.038043357,-0.08782285,0.017658938,-0.010535388
22.5,7.810376,9.759942,19.442291,-0.10714529,-0.28641605,-0.13784294,-0.1444334,-0.099892534,-0.015517286,0.016642584,-0.012138506
23.0,9.603015,10.013617,19.478146,-0.3385999,-0.21993117,-0.14515828,-0.14904869,-0.018216474,0.0996897,0.015763842,-0.0137175415
23.5,8.270004,10.27578,19.530552,-0.14650565,-0.31896544,-0.15108669,-0.15247086,0.0959724,-0.008644684,0.014732454,-0.015227799
24.0,9.880337,10.529133,19.626162,-0.33799955,-0.18732016,-0.15385525,-0.15338437,0.005186858,-0.10276943,0.013617778,-0.016388642
24.5,9.071594,10.770204,19.762623,-0.18349598,-0.34592748,-0.15328452,-0.15187666,-0.10964079,0.021158105,0.012559577,-0.01695716
25.0,10.422286,10.998455,19.98376,-0.34347916,-0.19373997,-0.16312568,-0.15924408,0.036339633,0.12262161,0.01121612,-0.01769843
25.5,9.57268,11.25793,20.20796,-0.26185307,-0.35382116,-0.17514743,-0.16902414,0.09380794,-0.060919233,0.009904337,-0.018289935
26.0,10.093242,11.553664,20.377619,-0.33088386,-0.1092289,-0.18819614,-0.17851578,-0.055787835,-0.11322823,0.008460426,-0.019015865
26.5,10.589518,11.8399105,20.424498,-0.2931172,-0.3621847,-0.20534055,-0.19197929,-0.09802852,0.101456285,0.0069548744,-0.019960638
27.0,10.263877,12.143452,20.413988,-0.32507437,-0.12516814,-0.22233786,-0.19781193,0.123015374,0.09499151,0.004459748,-0.021391278
27.5,10.451979,12.492477,20.299976,-0.36546224,-0.31128648,-0.23403512,-0.19132861,0.04898803,-0.12633117,0.0019584561,-0.022780264
28.0,9.868395,12.889064,20.208948,-0.29748753,-0.09212,-0.23958537,-0.1801693,-0.14873673,-0.041341234,1.0892209e-05,-0.023493404
28.5,10.480929,13.221706,20.135723,-0.39266708,-0.24751791,-0.23452422,-0.16566318,-0.010891331,0.13158673,-0.0012812442,-0.02372869
29.0,9.686814,13.634303,19.799093,-0.23837313,-0.08793469,-0.2279248,-0.15064403,0.15920971,-0.009250789,-0.0028340742,-0.0245449
29.5,10.878202,13.994771,19.74691,-0.38435242,-0.2043633,-0.21640153,-0.13597612,-0.04288219,-0.13806705,-0.0035866562,-0.024227442
30.0,10.108031,14.369342,19.53913,-0.20873497,-0.10764272,-0.21057957,-0.11938347,-0.14418526,0.078027785,-0.0043094917,-0.023440992
30.5,11.573063,14.694185,19.450691,-0.36150655,-0.15837775,-0.20143895,-0.10202426,0.087514915,0.10050917,-0.004492064,-0.022181964
31.0,10.59635,14.980487,19.444897,-0.17876022,-0.14762436,-0.18087417,-0.109448396,0.09581153,-0.115489,-0.004499937,-0.021337308
31.5,12.29423,15.246961,19.258648,-0.33292207,-0.14031191,-0.1620268,-0.12541829,-0.10798342,-0.06485311,-0.003506166,-0.021024486
32.0,11.071691,15.521324,19.495275,-0.1753514,-0.17502147,-0.14357822,-0.14107464,-0.046269692,0.13705322,-0.0007002973,-0.021452084
32.5,13.080241,15.829347,19.612345,-0.291397,-0.12262976,-0.141891,-0.15940328,0.12212013,0.020271419,0.0015392374,-0.021932883
33.0,11.949985,16.148495,19.893854,-0.15917177,-0.20426726,-0.13383561,-0.17429268,-0.01592507,-0.13609703,0.003460169,-0.021235794
33.5,14.6310215,16.388556,20.141146,-0.23468992,-0.1379487,-0.12473438,-0.18806206,-0.10553936,0.03304501,0.0056721503,-0.020244142
34.0,13.596212,16.595024,20.178558,-0.14177574,-0.25623232,-0.117889255,-0.20220913,0.0652135,0.096415974,0.0076539055,-0.019282883
34.5,17.236973,16.7885,20.26844,-0.185009,-0.21085006,-0.1296249,-0.21755138,0.060882494,-0.06211266,0.006527462,-0.019540338
35.0,15.783375,16.963434,20.316141,-0.17472817,-0.34863192,-0.14001818,-0.22563045,-0.06619485,-0.033804134,0.005276412,-0.019333227
35.5,17.580936,17.172155,20.416172,-0.24531066,-0.28384745,-0.14777136,-0.23714341,-0.034454595,0.03778551,0.004225153,-0.018981246
36.0,15.75138,17.473194,20.490416,-0.25207594,-0.3651875,-0.15715513,-0.25596336,0.047903992,0.026883617,0.0034892652,-0.018932888
36.5,17.69777,17.746893,20.690353,-0.28040105,-0.28229266,-0.16905545,-0.27126268,0.032313216,-0.04019381,0.002774577,-0.018755186
37.0,16.80079,18.001179,20.906351,-0.28746873,-0.37068018,-0.18400931,-0.28449365,-0.048216786,-0.016212579,0.0019879835,-0.018435162
37.5,19.386507,18.231535,21.145138,-0.31435052,-0.31037152,-0.1972918,-0.29523557,-0.018001053,0.042290106,0.0012475941,-0.018073386
38.0,18.368395,18.39951,21.425562,-0.35068354,-0.37555104,-0.2110055,-0.30409077,0.037622355,0.003830401,0.0008578069,-0.018011577
38.5,19.411146,18.442064,21.829082,-0.35410646,-0.28949556,-0.2283517,-0.3007231,0.014666181,-0.034773044,-0.0003007248,-0.016596276
39.0,18.810179,18.59684,22.590267,-0.38859335,-0.35342187,-0.23563084,-0.27922878,-0.033533055,-0.004363069,-0.0022266107,-0.01450298
39.5,19.039928,18.794668,23.164217,-0.3697349,-0.27195168,-0.25766188,-0.26828197,-0.010740611,0.038712744,-0.003454973,-0.013962224
40.0,19.684315,19.003881,23.530724,-0.40777987,-0.33479148,-0.2802086,-0.25979045,0.033333555,-0.0013266716,-0.003925783,-0.0143523
40.5,19.414978,19.18766,23.696304,-0.36953357,-0.27811232,-0.29903993,-0.25478622,0.0013462497,-0.037381466,-0.004670053,-0.014220647
41.0,20.56947,19.35973,23.619995,-0.4394057,-0.3332782,-0.31384447,-0.25684527,-0.028168663,0.0037561245,-0.0061444007,-0.013282329
41.5,19.570866,19.525072,23.608286,-0.3899429,-0.27857146,-0.3257184,-0.25637165,0.0024243447,0.03810763,-0.007223375,-0.012282222
42.0,21.666111,19.658072,23.552874,-0.46810526,-0.32996842,-0.33426967,-0.25302282,0.02913188,-0.0074035386,-0.007846794,-0.011563339
42.5,19.224667,19.834368,23.631666,-0.42567158,-0.2899433,-0.34221256,-0.24642153,-0.013953228,-0.035892986,-0.008224574,-0.011055807
43.0,21.576754,19.958433,23.748035,-0.5301976,-0.31049687,-0.3503347,-0.2393849,-0.025017848,0.0130991535,-0.008495805,-0.010622986
43.5,18.627645,20.00465,23.997602,-0.46429414,-0.26860717,-0.3584096,-0.2323826,0.02147383,0.02684093,-0.008592329,-0.010351868
44.0,21.038168,19.971046,24.272184,-0.5828721,-0.25373116,-0.36660406,-0.22435941,0.01802387,-0.014157818,-0.008601899,-0.010221748
44.5,17.638947,19.909239,24.321762,-0.49205363,-0.23274027,-0.3686315,-0.21533227,-0.020380793,-0.017193807,-0.008446293,-0.010300441
45.0,19.676287,19.873392,24.375282,-0.5931308,-0.17129244,-0.3698318,-0.2055217,-0.015332677,0.01125291,-0.00826074,-0.010366286
45.5,16.877977,19.820585,24.41351,-0.49930394,-0.19732262,-0.37037298,-0.19515648,0.0145657025,0.014207031,-0.008065943,-0.010407094
46.0,18.700163,19.901316,24.282148,-0.57265633,-0.10022512,-0.3734179,-0.18351938,0.018648885,-0.006923975,-0.008106375,-0.010274556
46.5,16.837791,19.984558,24.287226,-0.48743868,-0.16386592,-0.38209337,-0.17182846,-0.0156003395,-0.021656908,-0.0083039235,-0.010139672
47.0,19.088387,20.11519,24.362385,-0.51712435,-0.0782426,-0.3895788,-0.16097945,-0.02548613,0.014876202,-0.008406924,-0.010065261
47.5,17.685806,20.382555,24.406845,-0.493517,-0.15918425,-0.3960028,-0.1500769,0.02469604,0.019710919,-0.008529053,-0.009898033
48.0,18.925407,20.77778,24.351585,-0.50707436,-0.058717273,-0.40365922,-0.14034265,0.02281826,-0.023976889,-0.008793173,-0.009642668
48.5,17.785248,21.156675,24.322222,-0.5025612,-0.13265988,-0.4088887,-0.13008676,-0.028181462,-0.013916545,-0.009122551,-0.009221259
49.0,18.27222,21.542625,24.331379,-0.4829911,-0.029486753,-0.4112987,-0.11614157,-0.020494139,0.029788423,-0.0099844355,-0.008017774
49.5,17.896793,21.778858,24.33043,-0.4930028,-0.09730296,-0.41048062,-0.09903704,0.034102853,0.010358296,-0.010944377,-0.006464278
50.0,18.06245,21.778858,24.24908,-0.44590113,-0.021192009,-0.40879235,-0.082876615,0.013419991,-0.038592752,-0.011888604,-0.004985713
50.5,18.266506,21.778858,24.369686,-0.48258063,-0.07917845,-0.4025197,-0.06237626,-0.038064983,-0.0027712593,-0.012748146,-0.0033775647
51.0,17.90838,21.81169,24.53505,-0.42403886,-0.016846465,-0.3971552,-0.041512195,-0.0035072374,0.045035623,-0.0136817405,-0.0017261998
51.5,18.561789,21.778858,24.607628,-0.47450498,-0.055975143,-0.38663903,-0.023458496,0.04111832,-0.0065760515,-0.014426024,-0.00031505647
52.0,17.841997,21.778858,24.18173,-0.39894605,-0.010406332,-0.37212026,-0.0019284021,-0.010873984,-0.048263315,-0.015321759,0.00090703135
52.5,18.874327,21.891022,23.641882,-0.4598456,-0.03166585,-0.34782997,0.00475071,-0.040141784,0.01799691,-0.015989246,0.0015758779
53.0,17.712202,21.778858,23.143608,-0.3750177,-0.009297741,-0.3225795,0.007913533,0.024883712,0.045465495,-0.016600044,0.0021744024
53.5,18.977999,21.778858,22.816963,-0.43787396,-0.003983865,-0.30273953,0.011515505,0.03745974,-0.028786778,-0.01719774,0.0026077086
54.0,17.565855,21.778858,22.93356,-0.34838152,-0.00878831,-0.28916726,-0.001474501,-0.039962783,-0.040204424,-0.016315632,0.0035787
54.5,19.10121,21.778858,23.080988,-0.39898503,0.017359015,-0.27340743,-0.016442472,-0.030841475,0.042188205,-0.015304249,0.0047324887
55.0,17.756649,21.778858,23.270718,-0.3202211,-0.01631417,-0.25613073,-0.030112708,0.05572484,0.0265097,-0.014396894,0.0061277235
55.5,19.536228,21.778858,23.319118,-0.3563784,0.024712296,-0.24343611,-0.037363917,0.01535895,-0.05415101,-0.01391335,0.007221493
56.0,18.14052,21.815609,23.629566,-0.2905827,-0.0278326,-0.23296803,-0.04684136,-0.06170686,-0.0024933005,-0.013201314,0.008416173
56.5,19.77351,21.778858,23.892574,-0.30074292,0.023577703,-0.22188577,-0.05797906,0.0021494455,0.051231667,-0.012543593,0.009812864
57.0,19.07332,21.778858,24.146755,-0.25851303,-0.060574837,-0.21094489,-0.07128594,0.057222027,-0.00861172,-0.0117749665,0.011308515
57.5,21.151451,21.872385,24.813538,-0.24608842,-0.013002688,-0.20968689,-0.08140959,-0.011987594,-0.057321094,-0.011248155,0.012266289
58.0,20.808863,22.059841,25.196516,-0.24357891,-0.111965165,-0.21675646,-0.09120359,-0.06268575,0.029480398,-0.010886348,0.012449276
58.5,23.05988,22.229551,25.63405,-0.24488932,-0.07559562,-0.22215167,-0.10098219,0.040587004,0.059866875,-0.010483244,0.012741193
59.0,22.394142,22.337236,26.09932,-0.25877288,-0.12944409,-0.22673069,-0.110185504,0.047583673,-0.0650885,-0.010097537,0.013046333
59.5,23.817808,22.447388,26.630646,-0.23076123,-0.11188634,-0.23109706,-0.11960254,-0.06890338,-0.029622858,-0.009800043,0.013503706
60.0,23.26456,22.579924,27.214184,-0.27139983,-0.17139246,-0.23524381,-0.13057022,-0.006264797,0.073341995,-0.00937139,0.01401165
60.5,23.686499,22.757244,27.663998,-0.26264727,-0.1403048,-0.24341288,-0.14216918,0.06675302,-0.0017882258,-0.008757391,0.014125525
61.0,22.95343,22.937922,28.31895,-0.28349853,-0.15908197,-0.25768176,-0.15323177,-0.021415327,-0.0637862,-0.008381431,0.01455152
61.5,23.135803,23.145903,28.826742,-0.23689775,-0.15438104,-0.26476026,-0.16024314,-0.05773817,0.028163936,-0.0078334,0.014638821
62.0,22.862297,23.33295,29.176819,-0.2635425,-0.19857569,-0.27221248,-0.16830407,0.04484977,0.04510021,-0.006978976,0.014473976
62.5,23.29446,23.516544,29.319239,-0.23921297,-0.21770172,-0.277465,-0.17300256,0.034090154,-0.05089081,-0.006375932,0.0142354295
63.0,23.586533,23.644209,29.340008,-0.27704483,-0.24929263,-0.28155097,-0.17691319,-0.057565417,-0.010433164,-0.005823105,0.013956909
63.5,26.062708,23.87535,29.327944,-0.26577404,-0.302241,-0.28528154,-0.18063207,0.008277497,0.04823269,-0.0052835564,0.013689058
64.0,30.339441,24.084225,29.280321,-0.36127624,-0.34226918,-0.2893485,-0.185501,0.025927244,-0.017801661,-0.0046264348,0.013458014
64.5,35.34814,24.367361,29.080673,-0.4152769,-0.33048898,-0.2930217,-0.19064064,-0.011169145,-0.01949492,-0.0039179106,0.013205429
65.0,35.586277,24.635258,29.153278,-0.49694398,-0.2981568,-0.3037254,-0.18175422,-0.011580671,0.0081542535,-0.003040505,0.011975409
65.5,30.96438,24.924133,29.421871,-0.5111269,-0.23469032,-0.31319672,-0.16846833,0.004046328,0.014176748,-0.0024240022,0.01051845
66.0,30.219368,25.120596,29.713564,-0.54091454,-0.1845666,-0.3241514,-0.15397704,0.012424224,-0.0053257286,-0.001849485,0.00901246
66.5,27.980564,25.262747,30.026623,-0.50770205,-0.14646256,-0.3361064,-0.13999201,-0.004529216,-0.013778211,-0.0011262216,0.007439124
67.0,28.787836,25.34915,30.27956,-0.5243847,-0.10121053,-0.34608993,-0.12530144,-0.012802692,0.0059980256,-0.00036086512,0.0057413876
67.5,26.929039,25.410866,30.427025,-0.47563088,-0.09132273,-0.3495558,-0.113135405,0.009973477,0.013670936,-4.7547142e-05,0.0046593933
68.0,27.759884,25.4804,30.605625,-0.49100444,-0.04962527,-0.346695,-0.101857126,0.009660975,-0.010808746,-0.00035913414,0.004400025
68.5,24.908314,25.611988,30.510921,-0.4428252,-0.04842867,-0.34504318,-0.09091705,-0.014496887,-0.00716488,-0.0007866622,0.0042551802
69.0,25.413002,25.746752,30.343678,-0.42279732,0.0017528561,-0.34482172,-0.07890148,-0.0013430764,0.014330568,-0.0011633912,0.0041195317
69.5,23.772467,25.83416,30.10112,-0.3671388,-0.041609712,-0.34512368,-0.0676302,0.010404263,-0.004747954,-0.0014695218,0.004050717
70.0,25.57461,26.022383,29.826797,-0.33588344,-0.041277308,-0.34564316,-0.057416067,-0.004475201,-0.004374285,-0.001691791,0.004026579
70.5,24.795977,26.181662,29.576775,-0.34825948,-0.106984764,-0.34565294,-0.048430294,-0.002205993,0.0024627894,-0.001799839,0.004041094
71.0,26.907198,26.44415,29.292542,-0.35707837,-0.10547458,-0.34583005,-0.03949504,0.0015663711,0.0016935347,-0.0018668611,0.0040486427
71.5,26.156616,26.698708,28.96819,-0.3901173,-0.11928768,-0.3460004,-0.03044521,0.0011084635,-0.00094161974,-0.0019054576,0.004061613
72.0,27.674648,27.035295,28.629013,-0.39206803,-0.09277515,-0.3437134,-0.022349533,-0.001528123,-0.00024177233,-0.002070563,0.004065331
72.5,26.360754,27.252708,28.261612,-0.40503418,-0.09613086,-0.33976555,-0.01594399,0.0007881856,0.00086522027,-0.002383152,0.004115027
73.0,27.049341,27.493889,28.077618,-0.39688805,-0.07021208,-0.33511525,-0.011146881,0.00039310267,-0.002950536,-0.0025981867,0.004112833
73.5,26.43287,27.76873,28.245714,-0.41060477,-0.07062821,-0.32573256,-0.013393102,-0.0034521767,0.0014453823,-0.0022410117,0.0042604217
74.0,26.95788,27.999363,28.374352,-0.3932151,-0.039862223,-0.31596592,-0.015494588,0.003624623,0.0054172087,-0.0018934895,0.004403694
74.5,26.460194,28.229881,28.588749,-0.40161633,-0.030522287,-0.30391636,-0.021206949,0.0037766753,-0.00715161,-0.0015832513,0.004654335
75.0,26.08132,28.524174,28.90128,-0.3652678,-0.004090265,-0.29019767,-0.02941697,-0.009735291,-0.0024437832,-0.0012664805,0.0049849735
75.5,25.653973,28.768492,29.179432,-0.36045176,0.00815105,-0.2758384,-0.03776291,0.0018184469,0.009604943,-0.00095488137,0.0053320713
76.0,25.146751,28.882938,29.371609,-0.3067344,0.01448089,-0.26146147,-0.04600807,0.010660771,-0.0017888484,-0.00064418284,0.005692403
76.5,25.430447,29.067957,29.351551,-0.29617086,0.011718678,-0.24799938,-0.054415103,-0.0049933004,-0.010224531,-0.00031198096,0.0061017177
77.0,25.172289,29.377737,29.151857,-0.25001648,-0.0079717375,-0.23660271,-0.06110236,-0.012783793,0.007584082,-9.787847e-05,0.006474856
77.5,26.032246,29.68632,28.837116,-0.24753137,-0.012401502,-0.23024057,-0.064274915,0.012223731,0.009162273,-6.3946834e-05,0.006737299
78.0,25.74719,30.027475,28.535727,-0.21251258,-0.044274013,-0.22377609,-0.066864215,0.0077817347,-0.016097374,-6.9474074e-05,0.0069865747
78.5,26.52477,30.400343,28.299686,-0.21054965,-0.045399055,-0.21602143,-0.07102387,-0.016918119,-0.0006201935,2.0270678e-05,0.007290131
79.0,25.917446,30.862112,28.215609,-0.1880037,-0.08734783,-0.21490842,-0.08067124,0.0031561907,0.01732515,0.00029685049,0.00724229
79.5,26.731333,31.20807,28.122004,-0.18575777,-0.089551896,-0.2162113,-0.08836399,0.012499078,-0.008146191,0.00026869643,0.006919039
80.0,26.023853,31.756891,28.041752,-0.18071204,-0.13256925,-0.21701276,-0.10163777,-0.0095290225,-0.010527724,0.0007519683,0.0068727806
80.5,26.691078,32.266148,27.95589,-0.17740333,-0.13154276,-0.21805575,-0.11616381,-0.0051167803,0.009489682,0.0012934798,0.006865611
81.0,25.846664,32.837162,28.02415,-0.1816862,-0.16839275,-0.22249754,-0.12908435,0.0087207705,0.00419025,0.0018358539,0.0066482574
81.5,26.39273,33.226345,28.346725,-0.16969089,-0.16851042,-0.2268297,-0.13794798,0.0020712123,-0.006268649,0.0022270503,0.0063636247
82.0,25.76559,33.55193,28.608435,-0.17602512,-0.2048273,-0.23012136,-0.14441624,-0.0064993496,-0.0029065066,0.002437494,0.0060447226
82.5,26.459328,33.487583,28.89865,-0.1599952,-0.22106227,-0.23203987,-0.1488961,-0.0030776847,0.0055082384,0.0025252989,0.0055329194
83.0,26.271793,33.286907,29.264362,-0.18021104,-0.26386222,-0.23478107,-0.15129803,0.0076727155,0.0027205173,0.002464019,0.004968063
83.5,27.505613,33.07026,29.702847,-0.18151647,-0.29229948,-0.23731346,-0.15349412,0.0014924869,-0.008217479,0.0023989421,0.0044008177
84.0,27.975994,32.863052,30.26639,-0.22351483,-0.32332182,-0.2401112,-0.15630493,-0.008864041,0.0015565264,0.00233546,0.003802302
84.5,30.081055,32.77179,31.003735,-0.24465428,-0.34356532,-0.24145098,-0.15983428,0.003764251,0.007002848,0.002361798,0.0032099027
85.0,31.285376,32.89055,31.325726,-0.29401168,-0.34775597,-0.2430225,-0.16510375,0.0043878616,-0.005392735,0.0025429262,0.0027114067
85.5,34.19136,33.098827,31.652374,-0.31962767,-0.34643796,-0.2439076,-0.16981873,-0.0046306113,-0.0015088421,0.002736278,0.0022889203
86.0,35.40395,33.23955,31.99432,-0.3530291,-0.3265955,-0.24635153,-0.17332783,0.00033655463,0.0032879054,0.0029193189,0.0017503682
86.5,37.640877,33.50791,32.35805,-0.35880864,-0.31235406,-0.24885313,-0.17788862,0.0011690723,-0.0010370446,0.0032018144,0.0012404824
87.0,37.4555,33.752666,32.684246,-0.36576602,-0.29797995,-0.25111458,-0.18270648,-0.0006835134,0.0004609336,0.0035101313,0.00078941294
87.5,38.57186,33.907715,33.015186,-0.3610869,-0.30418837,-0.25547665,-0.18721597,0.0016027514,-0.00018027665,0.0037739233,0.00044453767
88.0,38.73299,33.990414,33.866722,-0.37483865,-0.30843684,-0.25856584,-0.1856402,-0.0013050268,-0.0017448583,0.0038222547,1.815401e-05
88.5,40.278053,33.980488,34.83183,-0.39387318,-0.32033086,-0.26044166,-0.18319613,-0.0016980595,0.0017186009,0.0039236853,-0.00048808954
89.0,40.887314,33.994625,35.693794,-0.4272471,-0.31127125,-0.26211825,-0.18118055,0.001767068,0.0014632108,0.0040639206,-0.0009794101
89.5,40.861786,34.1905,36.12372,-0.45361915,-0.28898782,-0.26396868,-0.17992386,0.0023282166,-0.0013930545,0.0042407424,-0.0014583337
90.0,40.02635,34.44414,36.06857,-0.46590158,-0.2505088,-0.26461846,-0.17956784,-0.0020294166,-0.0036423607,0.004467256,-0.0018597617
90.5,38.61029,34.793354,35.158047,-0.4526653,-0.2230736,-0.27363783,-0.1809085,-0.0056035253,0.0038990586,0.004609689,-0.002506641
91.0,37.29347,34.973896,33.997402,-0.4440694,-0.20031385,-0.2849565,-0.18414684,0.0073418003,0.0049284943,0.004797632,-0.0031010348
91.5,34.86443,35.24757,33.157814,-0.42257303,-0.19010504,-0.29458636,-0.18455386,0.003935605,-0.010503419,0.0048276423,-0.0035545053
92.0,33.71469,35.288406,32.872326,-0.4049971,-0.17079355,-0.3048025,-0.1844534,-0.012355267,-0.00027726704,0.00478638,-0.0039869086
92.5,31.858404,35.329838,32.74843,-0.37115335,-0.17680688,-0.31857854,-0.18640125,0.0034301777,0.014507708,0.0046130377,-0.0043578623
93.0,31.428783,35.288746,32.7371,-0.33548835,-0.18105114,-0.3307556,-0.187985,0.012519168,-0.008581514,0.004459923,-0.0046334113
93.5,30.45197,35.16305,33.072166,-0.31439474,-0.22774029,-0.34008554,-0.18597466,-0.01281709,-0.010489569,0.0040641166,-0.005044725
94.0,30.932777,35.116505,33.97774,-0.30198175,-0.26607066,-0.34644994,-0.18029387,-0.0048972717,0.0147387525,0.0035936043,-0.00556303
94.5,31.229067,35.139328,34.6477,-0.32995525,-0.31912887,-0.352678,-0.17643861,0.015497818,1.755077e-05,0.003318384,-0.0059595257
95.0,33.594425,35.266365,35.111774,-0.3668493,-0.35275415,-0.35792252,-0.1697678,-0.0044471715,-0.011247691,0.0028814834,-0.006319037
95.5,36.062084,35.4175,35.367607,-0.42723307,-0.34748176,-0.36319882,-0.1627651,-0.008366638,0.0053614047,0.0024024504,-0.0067083146
96.0,40.30303,35.61535,35.281685,-0.45046604,-0.3245526,-0.36823052,-0.15692455,0.0044122273,0.005348849,0.0019673696,-0.0070921616
96.5,42.83854,35.780365,35.641644,-0.45183486,-0.30558732,-0.37248567,-0.14844695,0.0048635257,-0.004009312,0.0012896375,-0.007666015
97.0,45.564697,35.996925,35.76973,-0.45093358,-0.31519872,-0.3768017,-0.14138396,-0.0030255876,-0.0038014522,0.00075681106,-0.008199651
97.5,46.674957,36.211216,35.48905,-0.46606493,-0.3285368,-0.37850675,-0.13555112,-0.0038034825,0.0030051954,0.00034401903,-0.00865527
98.0,48.96576,36.431103,34.88295,-0.4950439,-0.33947963,-0.37736338,-0.13031732,0.0021342316,0.003443637,4.878597e-05,-0.008965287
98.5,50.36506,36.62325,34.861824,-0.5296027,-0.33915946,-0.37564588,-0.12804489,0.0037447736,-0.0022412413,-6.508266e-05,-0.008774761
99.0,49.96838,36.83104,34.462223,-0.56872594,-0.32917127,-0.3706892,-0.12615877,-0.0016984981,-0.0039625363,-8.2953855e-05,-0.0084769735
99.5,47.987526,37.212288,33.737976,-0.6062679,-0.30846775,-0.36008516,-0.12231906,-0.0043337564,0.0023084295,-0.00014444563,-0.008015016
100.0,45.26234,37.68799,32.838455,-0.64293563,-0.2744168,-0.34820944,-0.11815124,0.0020583118,0.0046414477,-0.0001816662,-0.007487651
